{"root_mean_squared_error":34.20441818237305,"val_regularization_loss":0.006382239982485771,"regularization_loss":0.006382419727742672,"val_loss":12855.4892578125,"binary_accuracy":0.5381351709365845,"graph":{"_type":"graph-file","sha256":"94c12ea400544b74a5554b5a1ae79f64736daad6b87b5e05ca8f240e7bea0214","size":931,"path":"media/graph/graph_summary_94c12ea400544b74a555.graph.json"},"epoch":1,"_step":1,"_timestamp":1.7598452521462646e+09,"_runtime":281,"loss":17050.234375,"best_val_loss":12791.693359375,"val_root_mean_squared_error":2.1974921226501465,"total_loss":17050.240234375,"val_total_loss":12855.49609375,"_wandb":{"runtime":281},"val_binary_accuracy":0.5599679946899414,"learning_rate":0.009999999776482582,"best_epoch":0}