{"regularization_loss":0.006502609699964523,"_timestamp":1.7598460340037851e+09,"root_mean_squared_error":38.59318542480469,"val_regularization_loss":0.006502408534288406,"val_root_mean_squared_error":2.0627589225769043,"learning_rate":0.009999999776482582,"val_loss":12790.15234375,"total_loss":13603.4833984375,"_wandb":{"runtime":518},"_step":1,"_runtime":518,"val_binary_accuracy":0.5588982105255127,"epoch":1,"best_epoch":0,"best_val_loss":12788.560546875,"graph":{"path":"media/graph/graph_summary_94c12ea400544b74a555.graph.json","_type":"graph-file","sha256":"94c12ea400544b74a5554b5a1ae79f64736daad6b87b5e05ca8f240e7bea0214","size":931},"val_total_loss":12790.1591796875,"loss":13603.4765625,"binary_accuracy":0.5508750081062317}