{"val_root_mean_squared_error":1.7282286882400513,"best_val_loss":12795.6435546875,"_step":1,"_runtime":289,"total_loss":13767.6982421875,"_timestamp":1.7595821713604918e+09,"root_mean_squared_error":63.60077667236328,"_wandb":{"runtime":289},"learning_rate":0.009999999776482582,"epoch":1,"graph":{"_type":"graph-file","sha256":"94c12ea400544b74a5554b5a1ae79f64736daad6b87b5e05ca8f240e7bea0214","size":931,"path":"media/graph/graph_summary_94c12ea400544b74a555.graph.json"},"loss":13767.6923828125,"val_regularization_loss":0.005698149558156729,"val_binary_accuracy":0.5787442326545715,"binary_accuracy":0.5413869619369507,"best_epoch":0,"val_loss":12899.2802734375,"regularization_loss":0.005698319990187883,"val_total_loss":12899.2861328125}