{"val_root_mean_squared_error":1.6901484727859497,"_timestamp":1.7598468300418189e+09,"_wandb":{"runtime":400},"val_total_loss":12930.712890625,"root_mean_squared_error":18.567663192749023,"_runtime":400,"val_binary_accuracy":0.5721355676651001,"best_epoch":0,"binary_accuracy":0.560260534286499,"recall@50":0.04,"val_regularization_loss":0.0067754266783595085,"recall@5":0.004,"loss":13495.6396484375,"best_val_loss":12784.2763671875,"recall@20":0.013,"graph":{"path":"media/graph/graph_summary_94c12ea400544b74a555.graph.json","_type":"graph-file","sha256":"94c12ea400544b74a5554b5a1ae79f64736daad6b87b5e05ca8f240e7bea0214","size":931},"epoch":3,"recall@10":0.007,"regularization_loss":0.006774647627025843,"val_loss":12930.7060546875,"_step":4,"total_loss":13495.646484375}