{"_wandb":{"runtime":307},"auc":NaN,"best_epoch":0,"val_total_loss":15.428339958190918,"loss":14.500173568725586,"val_regularization_loss":0.019084976986050606,"_runtime":307,"epoch":0,"val_loss":15.409255027770996,"best_val_loss":15.409255027770996,"regularization_loss":0.019084976986050606,"total_loss":14.519258499145508,"_step":0,"graph":{"_type":"graph-file","sha256":"2dd610178426376691243b0a1346a872dbb3aa6c14aa9dafb0424ea2d916112b","size":961,"path":"media/graph/graph_summary_2dd61017842637669124.graph.json"},"val_auc":0.5863666534423828,"root_mean_squared_error":NaN,"val_root_mean_squared_error":NaN,"learning_rate":0.000884735956788063,"_timestamp":1.7595810214013295e+09}